<ImportExportXml xmlns:xsi="http://www.w3.org/2001/XMLSchema-instance">
  <Entities></Entities>
  <Roles></Roles>
  <Workflows></Workflows>
  <FieldSecurityProfiles></FieldSecurityProfiles>
  <Templates />
  <EntityMaps />
  <EntityRelationships />
  <OrganizationSettings />
  <optionsets />
  <WebResources>
    <WebResource>
      <WebResourceId>{26ad8a16-e477-e511-80ff-3863bb351e10}</WebResourceId>
      <Name>demo_/app/html/selectUserModal.html</Name>
      <DisplayName>App_html_selectUserModal.html</DisplayName>
      <WebResourceType>1</WebResourceType>
      <IntroducedVersion>1.0.0.0</IntroducedVersion>
      <IsEnabledForMobileClient>0</IsEnabledForMobileClient>
      <IsCustomizable>1</IsCustomizable>
      <CanBeDeleted>1</CanBeDeleted>
      <IsHidden>0</IsHidden>
      <FileName>/WebResources/demo_apphtmlselectUserModalhtml26AD8A16-E477-E511-80FF-3863BB351E10</FileName>
    </WebResource>
    <WebResource>
      <WebResourceId>{6087324d-e477-e511-80ff-3863bb351e10}</WebResourceId>
      <Name>demo_/app/controllers/selectUserModalCtrl.js</Name>
      <DisplayName>App_controllers_selectUserModalCtrl.js</DisplayName>
      <WebResourceType>3</WebResourceType>
      <IntroducedVersion>1.0.0.0</IntroducedVersion>
      <IsEnabledForMobileClient>0</IsEnabledForMobileClient>
      <IsCustomizable>1</IsCustomizable>
      <CanBeDeleted>1</CanBeDeleted>
      <IsHidden>0</IsHidden>
      <FileName>/WebResources/demo_appcontrollersselectUserModalCtrljs6087324D-E477-E511-80FF-3863BB351E10</FileName>
    </WebResource>
    <WebResource>
      <WebResourceId>{e6f443cf-e577-e511-80ff-3863bb351e10}</WebResourceId>
      <Name>demo_/Scripts/angular_ui/ui_bootstrap_tpls.min.js</Name>
      <DisplayName>Scripts_angular-ui_ui-bootstrap-tpls.min.js</DisplayName>
      <WebResourceType>3</WebResourceType>
      <IntroducedVersion>1.0.0.0</IntroducedVersion>
      <IsEnabledForMobileClient>0</IsEnabledForMobileClient>
      <IsCustomizable>1</IsCustomizable>
      <CanBeDeleted>1</CanBeDeleted>
      <IsHidden>0</IsHidden>
      <FileName>/WebResources/demo_Scriptsangular_uiui_bootstrap_tplsminjsE6F443CF-E577-E511-80FF-3863BB351E10</FileName>
    </WebResource>
    <WebResource>
      <WebResourceId>{71bc66be-5f7a-e511-8101-3863bb351e10}</WebResourceId>
      <Name>demo_/Scripts/ngXrmServiceToolkit.min.js</Name>
      <DisplayName>Scripts_ngXrmServiceToolkit.min.js</DisplayName>
      <WebResourceType>3</WebResourceType>
      <IntroducedVersion>1.0.0.0</IntroducedVersion>
      <IsEnabledForMobileClient>0</IsEnabledForMobileClient>
      <IsCustomizable>1</IsCustomizable>
      <CanBeDeleted>1</CanBeDeleted>
      <IsHidden>0</IsHidden>
      <FileName>/WebResources/demo_ScriptsngXrmServiceToolkitminjs71BC66BE-5F7A-E511-8101-3863BB351E10</FileName>
    </WebResource>
    <WebResource>
      <WebResourceId>{7738620b-5074-e511-8102-c4346bc86bc0}</WebResourceId>
      <Name>demo_/app/app.js</Name>
      <DisplayName>App_app.js</DisplayName>
      <WebResourceType>3</WebResourceType>
      <IntroducedVersion>1.0.0.0</IntroducedVersion>
      <IsEnabledForMobileClient>0</IsEnabledForMobileClient>
      <IsCustomizable>1</IsCustomizable>
      <CanBeDeleted>1</CanBeDeleted>
      <IsHidden>0</IsHidden>
      <FileName>/WebResources/demo_appappjs7738620B-5074-E511-8102-C4346BC86BC0</FileName>
    </WebResource>
    <WebResource>
      <WebResourceId>{0be46d23-5074-e511-8102-c4346bc86bc0}</WebResourceId>
      <Name>demo_/app/controllers/aboutCtrl.js</Name>
      <DisplayName>App_controllers_aboutCtrl.js</DisplayName>
      <WebResourceType>3</WebResourceType>
      <IntroducedVersion>1.0.0.0</IntroducedVersion>
      <IsEnabledForMobileClient>0</IsEnabledForMobileClient>
      <IsCustomizable>1</IsCustomizable>
      <CanBeDeleted>1</CanBeDeleted>
      <IsHidden>0</IsHidden>
      <FileName>/WebResources/demo_appcontrollersaboutCtrljs0BE46D23-5074-E511-8102-C4346BC86BC0</FileName>
    </WebResource>
    <WebResource>
      <WebResourceId>{44877b35-5074-e511-8102-c4346bc86bc0}</WebResourceId>
      <Name>demo_/app/controllers/demoCtrl.js</Name>
      <DisplayName>App_controllers_demoCtrl.js</DisplayName>
      <WebResourceType>3</WebResourceType>
      <IntroducedVersion>1.0.0.0</IntroducedVersion>
      <IsEnabledForMobileClient>0</IsEnabledForMobileClient>
      <IsCustomizable>1</IsCustomizable>
      <CanBeDeleted>1</CanBeDeleted>
      <IsHidden>0</IsHidden>
      <FileName>/WebResources/demo_appcontrollersdemoCtrljs44877B35-5074-E511-8102-C4346BC86BC0</FileName>
    </WebResource>
    <WebResource>
      <WebResourceId>{b5ddc04d-5074-e511-8102-c4346bc86bc0}</WebResourceId>
      <Name>demo_/app/html/about.html</Name>
      <DisplayName>App_html_about.html</DisplayName>
      <WebResourceType>1</WebResourceType>
      <IntroducedVersion>1.0.0.0</IntroducedVersion>
      <IsEnabledForMobileClient>0</IsEnabledForMobileClient>
      <IsCustomizable>1</IsCustomizable>
      <CanBeDeleted>1</CanBeDeleted>
      <IsHidden>0</IsHidden>
      <FileName>/WebResources/demo_apphtmlabouthtmlB5DDC04D-5074-E511-8102-C4346BC86BC0</FileName>
    </WebResource>
    <WebResource>
      <WebResourceId>{4911d965-5074-e511-8102-c4346bc86bc0}</WebResourceId>
      <Name>demo_/app/html/demo.html</Name>
      <DisplayName>App_html_demo.html</DisplayName>
      <WebResourceType>1</WebResourceType>
      <IntroducedVersion>1.0.0.0</IntroducedVersion>
      <IsEnabledForMobileClient>0</IsEnabledForMobileClient>
      <IsCustomizable>1</IsCustomizable>
      <CanBeDeleted>1</CanBeDeleted>
      <IsHidden>0</IsHidden>
      <FileName>/WebResources/demo_apphtmldemohtml4911D965-5074-E511-8102-C4346BC86BC0</FileName>
    </WebResource>
    <WebResource>
      <WebResourceId>{9f7d5d72-5074-e511-8102-c4346bc86bc0}</WebResourceId>
      <Name>demo_/app/html/main.html</Name>
      <DisplayName>App_html_main.html</DisplayName>
      <WebResourceType>1</WebResourceType>
      <IntroducedVersion>1.0.0.0</IntroducedVersion>
      <IsEnabledForMobileClient>0</IsEnabledForMobileClient>
      <IsCustomizable>1</IsCustomizable>
      <CanBeDeleted>1</CanBeDeleted>
      <IsHidden>0</IsHidden>
      <FileName>/WebResources/demo_apphtmlmainhtml9F7D5D72-5074-E511-8102-C4346BC86BC0</FileName>
    </WebResource>
    <WebResource>
      <WebResourceId>{4b29bc7e-5074-e511-8102-c4346bc86bc0}</WebResourceId>
      <Name>demo_/app/html/welcome.html</Name>
      <DisplayName>App_html_welcome.html</DisplayName>
      <WebResourceType>1</WebResourceType>
      <IntroducedVersion>1.0.0.0</IntroducedVersion>
      <IsEnabledForMobileClient>0</IsEnabledForMobileClient>
      <IsCustomizable>1</IsCustomizable>
      <CanBeDeleted>1</CanBeDeleted>
      <IsHidden>0</IsHidden>
      <FileName>/WebResources/demo_apphtmlwelcomehtml4B29BC7E-5074-E511-8102-C4346BC86BC0</FileName>
    </WebResource>
    <WebResource>
      <WebResourceId>{6acb0597-5074-e511-8102-c4346bc86bc0}</WebResourceId>
      <Name>demo_/app/models/Solution.js</Name>
      <DisplayName>App_models_Solution.js</DisplayName>
      <WebResourceType>3</WebResourceType>
      <IntroducedVersion>1.0.0.0</IntroducedVersion>
      <IsEnabledForMobileClient>0</IsEnabledForMobileClient>
      <IsCustomizable>1</IsCustomizable>
      <CanBeDeleted>1</CanBeDeleted>
      <IsHidden>0</IsHidden>
      <FileName>/WebResources/demo_appmodelsSolutionjs6ACB0597-5074-E511-8102-C4346BC86BC0</FileName>
    </WebResource>
    <WebResource>
      <WebResourceId>{4e621da9-5074-e511-8102-c4346bc86bc0}</WebResourceId>
      <Name>demo_/app/services/XrmService.js</Name>
      <DisplayName>App_services_XrmService.js</DisplayName>
      <WebResourceType>3</WebResourceType>
      <IntroducedVersion>1.0.0.0</IntroducedVersion>
      <IsEnabledForMobileClient>0</IsEnabledForMobileClient>
      <IsCustomizable>1</IsCustomizable>
      <CanBeDeleted>1</CanBeDeleted>
      <IsHidden>0</IsHidden>
      <FileName>/WebResources/demo_appservicesXrmServicejs4E621DA9-5074-E511-8102-C4346BC86BC0</FileName>
    </WebResource>
    <WebResource>
      <WebResourceId>{e2d92fd3-5074-e511-8102-c4346bc86bc0}</WebResourceId>
      <Name>demo_/Content/bootstrap.css</Name>
      <DisplayName>Content_bootstrap.css</DisplayName>
      <WebResourceType>2</WebResourceType>
      <IntroducedVersion>1.0.0.0</IntroducedVersion>
      <IsEnabledForMobileClient>0</IsEnabledForMobileClient>
      <IsCustomizable>1</IsCustomizable>
      <CanBeDeleted>1</CanBeDeleted>
      <IsHidden>0</IsHidden>
      <FileName>/WebResources/demo_ContentbootstrapcssE2D92FD3-5074-E511-8102-C4346BC86BC0</FileName>
    </WebResource>
    <WebResource>
      <WebResourceId>{e762aa09-5174-e511-8102-c4346bc86bc0}</WebResourceId>
      <Name>demo_/Content/loading_bar.min.css</Name>
      <DisplayName>Content_loading-bar.min.css</DisplayName>
      <WebResourceType>2</WebResourceType>
      <IntroducedVersion>1.0.0.0</IntroducedVersion>
      <IsEnabledForMobileClient>0</IsEnabledForMobileClient>
      <IsCustomizable>1</IsCustomizable>
      <CanBeDeleted>1</CanBeDeleted>
      <IsHidden>0</IsHidden>
      <FileName>/WebResources/demo_Contentloading_barmincssE762AA09-5174-E511-8102-C4346BC86BC0</FileName>
    </WebResource>
    <WebResource>
      <WebResourceId>{ca07aa2d-5174-e511-8102-c4346bc86bc0}</WebResourceId>
      <Name>demo_/Content/site.css</Name>
      <DisplayName>Content_site.css</DisplayName>
      <WebResourceType>2</WebResourceType>
      <IntroducedVersion>1.0.0.0</IntroducedVersion>
      <IsEnabledForMobileClient>0</IsEnabledForMobileClient>
      <IsCustomizable>1</IsCustomizable>
      <CanBeDeleted>1</CanBeDeleted>
      <IsHidden>0</IsHidden>
      <FileName>/WebResources/demo_ContentsitecssCA07AA2D-5174-E511-8102-C4346BC86BC0</FileName>
    </WebResource>
    <WebResource>
      <WebResourceId>{d934c652-5174-e511-8102-c4346bc86bc0}</WebResourceId>
      <Name>demo_/Content/ui_bootstrap_csp.css</Name>
      <DisplayName>Content_ui-bootstrap-csp.css</DisplayName>
      <WebResourceType>2</WebResourceType>
      <IntroducedVersion>1.0.0.0</IntroducedVersion>
      <IsEnabledForMobileClient>0</IsEnabledForMobileClient>
      <IsCustomizable>1</IsCustomizable>
      <CanBeDeleted>1</CanBeDeleted>
      <IsHidden>0</IsHidden>
      <FileName>/WebResources/demo_Contentui_bootstrap_cspcssD934C652-5174-E511-8102-C4346BC86BC0</FileName>
    </WebResource>
    <WebResource>
      <WebResourceId>{78f3d16a-5174-e511-8102-c4346bc86bc0}</WebResourceId>
      <Name>demo_/images/favicon.ico</Name>
      <DisplayName>Images_favicon.ico</DisplayName>
      <WebResourceType>10</WebResourceType>
      <IntroducedVersion>1.0.0.0</IntroducedVersion>
      <IsEnabledForMobileClient>0</IsEnabledForMobileClient>
      <IsCustomizable>1</IsCustomizable>
      <CanBeDeleted>1</CanBeDeleted>
      <IsHidden>0</IsHidden>
      <FileName>/WebResources/demo_imagesfaviconico78F3D16A-5174-E511-8102-C4346BC86BC0</FileName>
    </WebResource>
    <WebResource>
      <WebResourceId>{5058f182-5174-e511-8102-c4346bc86bc0}</WebResourceId>
      <Name>demo_/images/Logo_Spikes_Red.png</Name>
      <DisplayName>Images_Logo-Spikes-Red.png</DisplayName>
      <WebResourceType>5</WebResourceType>
      <IntroducedVersion>1.0.0.0</IntroducedVersion>
      <IsEnabledForMobileClient>0</IsEnabledForMobileClient>
      <IsCustomizable>1</IsCustomizable>
      <CanBeDeleted>1</CanBeDeleted>
      <IsHidden>0</IsHidden>
      <FileName>/WebResources/demo_imagesLogo_Spikes_Redpng5058F182-5174-E511-8102-C4346BC86BC0</FileName>
    </WebResource>
    <WebResource>
      <WebResourceId>{f5cbf794-5174-e511-8102-c4346bc86bc0}</WebResourceId>
      <Name>demo_/index.html</Name>
      <DisplayName>Index.html</DisplayName>
      <WebResourceType>1</WebResourceType>
      <IntroducedVersion>1.0.0.0</IntroducedVersion>
      <IsEnabledForMobileClient>0</IsEnabledForMobileClient>
      <IsCustomizable>1</IsCustomizable>
      <CanBeDeleted>1</CanBeDeleted>
      <IsHidden>0</IsHidden>
      <FileName>/WebResources/demo_indexhtmlF5CBF794-5174-E511-8102-C4346BC86BC0</FileName>
    </WebResource>
    <WebResource>
      <WebResourceId>{c71e65b3-5174-e511-8102-c4346bc86bc0}</WebResourceId>
      <Name>demo_/Scripts/angular.min.js</Name>
      <DisplayName>Scripts_angular.min.js</DisplayName>
      <WebResourceType>3</WebResourceType>
      <IntroducedVersion>1.0.0.0</IntroducedVersion>
      <IsEnabledForMobileClient>0</IsEnabledForMobileClient>
      <IsCustomizable>1</IsCustomizable>
      <CanBeDeleted>1</CanBeDeleted>
      <IsHidden>0</IsHidden>
      <FileName>/WebResources/demo_ScriptsangularminjsC71E65B3-5174-E511-8102-C4346BC86BC0</FileName>
    </WebResource>
    <WebResource>
      <WebResourceId>{f2b2b4cb-5174-e511-8102-c4346bc86bc0}</WebResourceId>
      <Name>demo_/Scripts/angular_animate.min.js</Name>
      <DisplayName>Scripts_angular-animate.min.js</DisplayName>
      <WebResourceType>3</WebResourceType>
      <IntroducedVersion>1.0.0.0</IntroducedVersion>
      <IsEnabledForMobileClient>0</IsEnabledForMobileClient>
      <IsCustomizable>1</IsCustomizable>
      <CanBeDeleted>1</CanBeDeleted>
      <IsHidden>0</IsHidden>
      <FileName>/WebResources/demo_Scriptsangular_animateminjsF2B2B4CB-5174-E511-8102-C4346BC86BC0</FileName>
    </WebResource>
    <WebResource>
      <WebResourceId>{60d1c9dd-5174-e511-8102-c4346bc86bc0}</WebResourceId>
      <Name>demo_/Scripts/angular_route.min.js</Name>
      <DisplayName>Scripts_angular-route.min.js</DisplayName>
      <WebResourceType>3</WebResourceType>
      <IntroducedVersion>1.0.0.0</IntroducedVersion>
      <IsEnabledForMobileClient>0</IsEnabledForMobileClient>
      <IsCustomizable>1</IsCustomizable>
      <CanBeDeleted>1</CanBeDeleted>
      <IsHidden>0</IsHidden>
      <FileName>/WebResources/demo_Scriptsangular_routeminjs60D1C9DD-5174-E511-8102-C4346BC86BC0</FileName>
    </WebResource>
    <WebResource>
      <WebResourceId>{42d7fa01-5274-e511-8102-c4346bc86bc0}</WebResourceId>
      <Name>demo_/Scripts/angular_ui/ui_bootstrap.min.js</Name>
      <DisplayName>Scripts_angular-ui_ui-bootstrap.min.js</DisplayName>
      <WebResourceType>3</WebResourceType>
      <IntroducedVersion>1.0.0.0</IntroducedVersion>
      <IsEnabledForMobileClient>0</IsEnabledForMobileClient>
      <IsCustomizable>1</IsCustomizable>
      <CanBeDeleted>1</CanBeDeleted>
      <IsHidden>0</IsHidden>
      <FileName>/WebResources/demo_Scriptsangular_uiui_bootstrapminjs42D7FA01-5274-E511-8102-C4346BC86BC0</FileName>
    </WebResource>
    <WebResource>
      <WebResourceId>{ce386520-5274-e511-8102-c4346bc86bc0}</WebResourceId>
      <Name>demo_/Scripts/angular_ui_router.min.js</Name>
      <DisplayName>Scripts_angular-ui-router.min.js</DisplayName>
      <WebResourceType>3</WebResourceType>
      <IntroducedVersion>1.0.0.0</IntroducedVersion>
      <IsEnabledForMobileClient>0</IsEnabledForMobileClient>
      <IsCustomizable>1</IsCustomizable>
      <CanBeDeleted>1</CanBeDeleted>
      <IsHidden>0</IsHidden>
      <FileName>/WebResources/demo_Scriptsangular_ui_routerminjsCE386520-5274-E511-8102-C4346BC86BC0</FileName>
    </WebResource>
    <WebResource>
      <WebResourceId>{391e6c32-5274-e511-8102-c4346bc86bc0}</WebResourceId>
      <Name>demo_/Scripts/bootbox.min.js</Name>
      <DisplayName>Scripts_bootbox.min.js</DisplayName>
      <WebResourceType>3</WebResourceType>
      <IntroducedVersion>1.0.0.0</IntroducedVersion>
      <IsEnabledForMobileClient>0</IsEnabledForMobileClient>
      <IsCustomizable>1</IsCustomizable>
      <CanBeDeleted>1</CanBeDeleted>
      <IsHidden>0</IsHidden>
      <FileName>/WebResources/demo_Scriptsbootboxminjs391E6C32-5274-E511-8102-C4346BC86BC0</FileName>
    </WebResource>
    <WebResource>
      <WebResourceId>{dc20864a-5274-e511-8102-c4346bc86bc0}</WebResourceId>
      <Name>demo_/Scripts/bootstrap.min.js</Name>
      <DisplayName>Scripts_bootstrap.min.js</DisplayName>
      <WebResourceType>3</WebResourceType>
      <IntroducedVersion>1.0.0.0</IntroducedVersion>
      <IsEnabledForMobileClient>0</IsEnabledForMobileClient>
      <IsCustomizable>1</IsCustomizable>
      <CanBeDeleted>1</CanBeDeleted>
      <IsHidden>0</IsHidden>
      <FileName>/WebResources/demo_ScriptsbootstrapminjsDC20864A-5274-E511-8102-C4346BC86BC0</FileName>
    </WebResource>
    <WebResource>
      <WebResourceId>{26ab2063-5274-e511-8102-c4346bc86bc0}</WebResourceId>
      <Name>demo_/Scripts/jquery_2.1.4.min.js</Name>
      <DisplayName>Scripts_jquery-2.1.4.min.js</DisplayName>
      <WebResourceType>3</WebResourceType>
      <IntroducedVersion>1.0.0.0</IntroducedVersion>
      <IsEnabledForMobileClient>0</IsEnabledForMobileClient>
      <IsCustomizable>1</IsCustomizable>
      <CanBeDeleted>1</CanBeDeleted>
      <IsHidden>0</IsHidden>
      <FileName>/WebResources/demo_Scriptsjquery_214minjs26AB2063-5274-E511-8102-C4346BC86BC0</FileName>
    </WebResource>
    <WebResource>
      <WebResourceId>{33365776-5274-e511-8102-c4346bc86bc0}</WebResourceId>
      <Name>demo_/Scripts/json3.min.js</Name>
      <DisplayName>Scripts_json3.min.js</DisplayName>
      <WebResourceType>3</WebResourceType>
      <IntroducedVersion>1.0.0.0</IntroducedVersion>
      <IsEnabledForMobileClient>0</IsEnabledForMobileClient>
      <IsCustomizable>1</IsCustomizable>
      <CanBeDeleted>1</CanBeDeleted>
      <IsHidden>0</IsHidden>
      <FileName>/WebResources/demo_Scriptsjson3minjs33365776-5274-E511-8102-C4346BC86BC0</FileName>
    </WebResource>
    <WebResource>
      <WebResourceId>{a8357989-5274-e511-8102-c4346bc86bc0}</WebResourceId>
      <Name>demo_/Scripts/loading_bar.min.js</Name>
      <DisplayName>Scripts_loading-bar.min.js</DisplayName>
      <WebResourceType>3</WebResourceType>
      <IntroducedVersion>1.0.0.0</IntroducedVersion>
      <IsEnabledForMobileClient>0</IsEnabledForMobileClient>
      <IsCustomizable>1</IsCustomizable>
      <CanBeDeleted>1</CanBeDeleted>
      <IsHidden>0</IsHidden>
      <FileName>/WebResources/demo_Scriptsloading_barminjsA8357989-5274-E511-8102-C4346BC86BC0</FileName>
    </WebResource>
    <WebResource>
      <WebResourceId>{f7044c9f-5274-e511-8102-c4346bc86bc0}</WebResourceId>
      <Name>demo_/Scripts/q.min.js</Name>
      <DisplayName>Scripts_q.min.js</DisplayName>
      <WebResourceType>3</WebResourceType>
      <IntroducedVersion>1.0.0.0</IntroducedVersion>
      <IsEnabledForMobileClient>0</IsEnabledForMobileClient>
      <IsCustomizable>1</IsCustomizable>
      <CanBeDeleted>1</CanBeDeleted>
      <IsHidden>0</IsHidden>
      <FileName>/WebResources/demo_ScriptsqminjsF7044C9F-5274-E511-8102-C4346BC86BC0</FileName>
    </WebResource>
    <WebResource>
      <WebResourceId>{2abbc0bb-5274-e511-8102-c4346bc86bc0}</WebResourceId>
      <Name>demo_/Scripts/ngXrmServiceToolkit.js</Name>
      <DisplayName>Scripts_ngXrmServiceToolkit.js</DisplayName>
      <WebResourceType>3</WebResourceType>
      <IntroducedVersion>1.0.0.0</IntroducedVersion>
      <IsEnabledForMobileClient>0</IsEnabledForMobileClient>
      <IsCustomizable>1</IsCustomizable>
      <CanBeDeleted>1</CanBeDeleted>
      <IsHidden>0</IsHidden>
      <FileName>/WebResources/demo_ScriptsngXrmServiceToolkitjs2ABBC0BB-5274-E511-8102-C4346BC86BC0</FileName>
    </WebResource>
  </WebResources>
  <Languages>
    <Language>1033</Language>
  </Languages>
</ImportExportXml>