<ImportExportXml version="7.1.0001.4210" SolutionPackageVersion="7.1" languagecode="1033" generatedBy="CrmLive" xmlns:xsi="http://www.w3.org/2001/XMLSchema-instance">
  <SolutionManifest>
    <UniqueName>ngXrmServiceToolkitDemo</UniqueName>
    <LocalizedNames>
      <LocalizedName description="ngXrmServiceToolkit Demo" languagecode="1033" />
    </LocalizedNames>
    <Descriptions>
      <Description description="Solution to demo the workings of an angular SPA inside Dynamics CRM in combination with the ngXrmServiceToolkit.&#xA;The ngXrmServiceToolkit provides several SOAP and REST methods to communicate with CRM and returns promises." languagecode="1033" />
    </Descriptions>
    <Version>1.0.0.0</Version>
    <Managed>1</Managed>
    <ConfigurationPage>demo_/index.html</ConfigurationPage>
    <Publisher>
      <UniqueName>demo</UniqueName>
      <LocalizedNames>
        <LocalizedName description="Demo" languagecode="1033" />
      </LocalizedNames>
      <Descriptions>
        <Description description="Demo publisher" languagecode="1033" />
      </Descriptions>
      <EMailAddress xsi:nil="true"></EMailAddress>
      <SupportingWebsiteUrl xsi:nil="true"></SupportingWebsiteUrl>
      <CustomizationPrefix>demo</CustomizationPrefix>
      <CustomizationOptionValuePrefix>73767</CustomizationOptionValuePrefix>
      <Addresses>
        <Address>
          <AddressNumber>1</AddressNumber>
          <AddressTypeCode>1</AddressTypeCode>
          <City xsi:nil="true"></City>
          <County xsi:nil="true"></County>
          <Country xsi:nil="true"></Country>
          <Fax xsi:nil="true"></Fax>
          <FreightTermsCode xsi:nil="true"></FreightTermsCode>
          <ImportSequenceNumber xsi:nil="true"></ImportSequenceNumber>
          <Latitude xsi:nil="true"></Latitude>
          <Line1 xsi:nil="true"></Line1>
          <Line2 xsi:nil="true"></Line2>
          <Line3 xsi:nil="true"></Line3>
          <Longitude xsi:nil="true"></Longitude>
          <Name xsi:nil="true"></Name>
          <PostalCode xsi:nil="true"></PostalCode>
          <PostOfficeBox xsi:nil="true"></PostOfficeBox>
          <PrimaryContactName xsi:nil="true"></PrimaryContactName>
          <ShippingMethodCode>1</ShippingMethodCode>
          <StateOrProvince xsi:nil="true"></StateOrProvince>
          <Telephone1 xsi:nil="true"></Telephone1>
          <Telephone2 xsi:nil="true"></Telephone2>
          <Telephone3 xsi:nil="true"></Telephone3>
          <TimeZoneRuleVersionNumber xsi:nil="true"></TimeZoneRuleVersionNumber>
          <UPSZone xsi:nil="true"></UPSZone>
          <UTCOffset xsi:nil="true"></UTCOffset>
          <UTCConversionTimeZoneCode xsi:nil="true"></UTCConversionTimeZoneCode>
        </Address>
        <Address>
          <AddressNumber>2</AddressNumber>
          <AddressTypeCode>1</AddressTypeCode>
          <City xsi:nil="true"></City>
          <County xsi:nil="true"></County>
          <Country xsi:nil="true"></Country>
          <Fax xsi:nil="true"></Fax>
          <FreightTermsCode xsi:nil="true"></FreightTermsCode>
          <ImportSequenceNumber xsi:nil="true"></ImportSequenceNumber>
          <Latitude xsi:nil="true"></Latitude>
          <Line1 xsi:nil="true"></Line1>
          <Line2 xsi:nil="true"></Line2>
          <Line3 xsi:nil="true"></Line3>
          <Longitude xsi:nil="true"></Longitude>
          <Name xsi:nil="true"></Name>
          <PostalCode xsi:nil="true"></PostalCode>
          <PostOfficeBox xsi:nil="true"></PostOfficeBox>
          <PrimaryContactName xsi:nil="true"></PrimaryContactName>
          <ShippingMethodCode>1</ShippingMethodCode>
          <StateOrProvince xsi:nil="true"></StateOrProvince>
          <Telephone1 xsi:nil="true"></Telephone1>
          <Telephone2 xsi:nil="true"></Telephone2>
          <Telephone3 xsi:nil="true"></Telephone3>
          <TimeZoneRuleVersionNumber xsi:nil="true"></TimeZoneRuleVersionNumber>
          <UPSZone xsi:nil="true"></UPSZone>
          <UTCOffset xsi:nil="true"></UTCOffset>
          <UTCConversionTimeZoneCode xsi:nil="true"></UTCConversionTimeZoneCode>
        </Address>
      </Addresses>
    </Publisher>
    <RootComponents>
      <RootComponent type="61" schemaName="demo_/app/app.js" />
      <RootComponent type="61" schemaName="demo_/app/controllers/aboutCtrl.js" />
      <RootComponent type="61" schemaName="demo_/app/controllers/demoCtrl.js" />
      <RootComponent type="61" schemaName="demo_/app/controllers/selectUserModalCtrl.js" />
      <RootComponent type="61" schemaName="demo_/app/html/about.html" />
      <RootComponent type="61" schemaName="demo_/app/html/demo.html" />
      <RootComponent type="61" schemaName="demo_/app/html/main.html" />
      <RootComponent type="61" schemaName="demo_/app/html/selectUserModal.html" />
      <RootComponent type="61" schemaName="demo_/app/html/welcome.html" />
      <RootComponent type="61" schemaName="demo_/app/models/Solution.js" />
      <RootComponent type="61" schemaName="demo_/app/services/XrmService.js" />
      <RootComponent type="61" schemaName="demo_/Content/bootstrap.css" />
      <RootComponent type="61" schemaName="demo_/Content/loading_bar.min.css" />
      <RootComponent type="61" schemaName="demo_/Content/site.css" />
      <RootComponent type="61" schemaName="demo_/Content/ui_bootstrap_csp.css" />
      <RootComponent type="61" schemaName="demo_/images/favicon.ico" />
      <RootComponent type="61" schemaName="demo_/images/Logo_Spikes_Red.png" />
      <RootComponent type="61" schemaName="demo_/index.html" />
      <RootComponent type="61" schemaName="demo_/Scripts/angular.min.js" />
      <RootComponent type="61" schemaName="demo_/Scripts/angular_animate.min.js" />
      <RootComponent type="61" schemaName="demo_/Scripts/angular_route.min.js" />
      <RootComponent type="61" schemaName="demo_/Scripts/angular_ui/ui_bootstrap.min.js" />
      <RootComponent type="61" schemaName="demo_/Scripts/angular_ui/ui_bootstrap_tpls.min.js" />
      <RootComponent type="61" schemaName="demo_/Scripts/angular_ui_router.min.js" />
      <RootComponent type="61" schemaName="demo_/Scripts/bootbox.min.js" />
      <RootComponent type="61" schemaName="demo_/Scripts/bootstrap.min.js" />
      <RootComponent type="61" schemaName="demo_/Scripts/jquery_2.1.4.min.js" />
      <RootComponent type="61" schemaName="demo_/Scripts/json3.min.js" />
      <RootComponent type="61" schemaName="demo_/Scripts/loading_bar.min.js" />
      <RootComponent type="61" schemaName="demo_/Scripts/ngXrmServiceToolkit.js" />
      <RootComponent type="61" schemaName="demo_/Scripts/ngXrmServiceToolkit.min.js" />
      <RootComponent type="61" schemaName="demo_/Scripts/q.min.js" />
    </RootComponents>
    <MissingDependencies />
  </SolutionManifest>
</ImportExportXml>